model_name,n,avg_latency_ms,p90_latency_ms
deepseek-r1-distill-qwen-14b-b200,360,8130.398680766423,12402.633285522461
deepseek-r1-distill-qwen-32b-b200,360,14418.242219421598,18933.754587173466
deepseek-r1-distill-qwen-7b,360,4736.836428774728,7332.487034797669
devstral-small-2-24b-instruct-2512-b200,360,3896.209712823232,5021.701693534851
eurollm-22b-instruct-2512,360,4358.719207843144,5363.548278808594
eurollm-9b-instruct-2512,360,2751.711929506726,3342.8679704666138
mistral-nemo-instruct-2407-b200,360,3545.2127152019075,4658.96692276001
mistral-small-3-2-24b-instruct-2506-awq-sym-b200,360,3562.493649456236,4438.760066032411
qwen3-30b-a3b-instruct-awq-b200,360,3612.554281287723,8103.105926513672
