model_name	n	avg_overall	std_overall
devstral-small-2-24b-instruct-2512-b200	360	0.816349071586826	0.0389701889222483
eurollm-9b-instruct-2512	360	0.812362760058811	0.0480789608782084
eurollm-22b-instruct-2512	360	0.811032273402194	0.0438261296972161
mistral-small-3-2-24b-instruct-2506-awq-sym-b200	360	0.810014773684594	0.0363300401170309
mistral-nemo-instruct-2407-b200	360	0.80634886541389	0.0498325546757295
qwen3-30b-a3b-instruct-awq-b200	360	0.80042281490137	0.0525048962668333
deepseek-r1-distill-qwen-32b-b200	360	0.783575932203998	0.048985553800248
deepseek-r1-distill-qwen-7b	360	0.774891235609589	0.0481880825759189
deepseek-r1-distill-qwen-14b-b200	360	0.774279651893585	0.0517784602845168
