model_name	n	max_model_len	max_model_len_source	input_tokens_est_mid_mean	response_tokens_est_mid_mean	response_tokens_est_mid_p90	response_tokens_est_mid_max	total_tokens_est_mid_mean	total_tokens_est_mid_max	remaining_output_tokens_est_min	remaining_output_tokens_est_max
deepseek-r1-distill-qwen-14b-b200	360	16384	assumed_from_config_default	573	1067.4	1308	1518	1640.4	2085	15729	15887
deepseek-r1-distill-qwen-32b-b200	360	16384	assumed_from_config_default	573	904.8	1094.8	1441	1477.8	2007	15729	15887
deepseek-r1-distill-qwen-7b	360	16384	assumed_from_config_default	573	1054.1	1503	1814	1627.1	2399	15729	15887
devstral-small-2-24b-instruct-2512-b200	360	16384	config	573	486.2	580.4	1200	1059.2	1770	15729	15887
eurollm-22b-instruct-2512	360	16384	config	573	393.1	470	607	966.1	1187	15729	15887
eurollm-9b-instruct-2512	360	16384	config	573	441.7	544.4	695	1014.6	1275	15729	15887
mistral-nemo-instruct-2407-b200	360	16384	config	573	543.2	672	1212	1116.2	1795	15729	15887
mistral-small-3-2-24b-instruct-2506-awq-sym-b200	360	16384	config	573	443.5	517.6	1174	1016.5	1754	15729	15887
qwen3-30b-a3b-instruct-awq-b200	360	16384	assumed_from_config_default	573	492.3	702	1220	1065.3	1800	15729	15887
