model_name,n,avg_latency_ms,max_latency_ms,model_name_norm
deepseek-r1-distill-qwen-14b-b200,360,8130.398680766423,12433.987379074097,deepseek-r1-distill-qwen-14b-b200
deepseek-r1-distill-qwen-32b-b200,360,14418.242219421598,26528.393745422363,deepseek-r1-distill-qwen-32b-b200
deepseek-r1-distill-qwen-7b,360,4736.836428774728,8065.041065216064,deepseek-r1-distill-qwen-7b
devstral-small-2-24b-instruct-2512-b200,360,3896.209712823232,11302.326917648315,devstral-small-2-24b-instruct-2512-b200
eurollm-22b-instruct-2512,360,4358.719207843144,6453.907489776611,eurollm-22b-instruct-2512
eurollm-9b-instruct-2512,360,2751.711929506726,4129.402875900269,eurollm-9b-instruct-2512
mistral-nemo-instruct-2407-b200,360,3545.2127152019075,10611.496925354004,mistral-nemo-instruct-2407-b200
mistral-small-3-2-24b-instruct-2506-awq-sym-b200,360,3562.493649456236,11740.350484848022,mistral-small-3-2-24b-instruct-2506-awq-sym-b200
qwen3-30b-a3b-instruct-awq-b200,360,3612.554281287723,8632.951498031616,qwen3-30b-a3b-instruct-awq-b200
